n_grup,d,guc
3,0.2000000000,0.0542675264
4,0.2000000000,0.0566680802
5,0.2000000000,0.0590426343
6,0.2000000000,0.0614037583
7,0.2000000000,0.0637589022
8,0.2000000000,0.0661121546
9,0.2000000000,0.0684658421
10,0.2000000000,0.0708213452
11,0.2000000000,0.0731795094
12,0.2000000000,0.0755408623
13,0.2000000000,0.0779057339
14,0.2000000000,0.0802743264
15,0.2000000000,0.0826467572
16,0.2000000000,0.0850230850
17,0.2000000000,0.0874033276
18,0.2000000000,0.0897874735
19,0.2000000000,0.0921754898
20,0.2000000000,0.0945673276
21,0.2000000000,0.0969629264
22,0.2000000000,0.0993622166
23,0.2000000000,0.1017651218
24,0.2000000000,0.1041715606
25,0.2000000000,0.1065814475
26,0.2000000000,0.1089946940
27,0.2000000000,0.1114112092
28,0.2000000000,0.1138309005
29,0.2000000000,0.1162536743
30,0.2000000000,0.1186794356
31,0.2000000000,0.1211080891
32,0.2000000000,0.1235395389
33,0.2000000000,0.1259736892
34,0.2000000000,0.1284104438
35,0.2000000000,0.1308497067
36,0.2000000000,0.1332913822
37,0.2000000000,0.1357353746
38,0.2000000000,0.1381815889
39,0.2000000000,0.1406299302
40,0.2000000000,0.1430803041
41,0.2000000000,0.1455326169
42,0.2000000000,0.1479867753
43,0.2000000000,0.1504426866
44,0.2000000000,0.1529002585
45,0.2000000000,0.1553593997
46,0.2000000000,0.1578200193
47,0.2000000000,0.1602820269
48,0.2000000000,0.1627453331
49,0.2000000000,0.1652098491
50,0.2000000000,0.1676754865
51,0.2000000000,0.1701421579
52,0.2000000000,0.1726097766
53,0.2000000000,0.1750782564
54,0.2000000000,0.1775475120
55,0.2000000000,0.1800174587
56,0.2000000000,0.1824880125
57,0.2000000000,0.1849590903
58,0.2000000000,0.1874306095
59,0.2000000000,0.1899024883
60,0.2000000000,0.1923746457
61,0.2000000000,0.1948470013
62,0.2000000000,0.1973194756
63,0.2000000000,0.1997919895
64,0.2000000000,0.2022644649
65,0.2000000000,0.2047368243
66,0.2000000000,0.2072089911
67,0.2000000000,0.2096808890
68,0.2000000000,0.2121524429
69,0.2000000000,0.2146235780
70,0.2000000000,0.2170942205
71,0.2000000000,0.2195642971
72,0.2000000000,0.2220337354
73,0.2000000000,0.2245024634
74,0.2000000000,0.2269704102
75,0.2000000000,0.2294375052
76,0.2000000000,0.2319036787
77,0.2000000000,0.2343688618
78,0.2000000000,0.2368329859
79,0.2000000000,0.2392959835
80,0.2000000000,0.2417577875
81,0.2000000000,0.2442183315
82,0.2000000000,0.2466775500
83,0.2000000000,0.2491353779
84,0.2000000000,0.2515917509
85,0.2000000000,0.2540466053
86,0.2000000000,0.2564998780
87,0.2000000000,0.2589515069
88,0.2000000000,0.2614014300
89,0.2000000000,0.2638495864
90,0.2000000000,0.2662959155
91,0.2000000000,0.2687403578
92,0.2000000000,0.2711828539
93,0.2000000000,0.2736233454
94,0.2000000000,0.2760617743
95,0.2000000000,0.2784980835
96,0.2000000000,0.2809322163
97,0.2000000000,0.2833641166
98,0.2000000000,0.2857937290
99,0.2000000000,0.2882209988
100,0.2000000000,0.2906458717
101,0.2000000000,0.2930682941
102,0.2000000000,0.2954882131
103,0.2000000000,0.2979055763
104,0.2000000000,0.3003203318
105,0.2000000000,0.3027324284
106,0.2000000000,0.3051418156
107,0.2000000000,0.3075484432
108,0.2000000000,0.3099522618
109,0.2000000000,0.3123532225
110,0.2000000000,0.3147512770
111,0.2000000000,0.3171463774
112,0.2000000000,0.3195384767
113,0.2000000000,0.3219275282
114,0.2000000000,0.3243134857
115,0.2000000000,0.3266963039
116,0.2000000000,0.3290759376
117,0.2000000000,0.3314523425
118,0.2000000000,0.3338254746
119,0.2000000000,0.3361952907
120,0.2000000000,0.3385617478
121,0.2000000000,0.3409248038
122,0.2000000000,0.3432844168
123,0.2000000000,0.3456405456
124,0.2000000000,0.3479931496
125,0.2000000000,0.3503421884
126,0.2000000000,0.3526876225
127,0.2000000000,0.3550294126
128,0.2000000000,0.3573675201
129,0.2000000000,0.3597019069
130,0.2000000000,0.3620325352
131,0.2000000000,0.3643593679
132,0.2000000000,0.3666823684
133,0.2000000000,0.3690015003
134,0.2000000000,0.3713167282
135,0.2000000000,0.3736280166
136,0.2000000000,0.3759353310
137,0.2000000000,0.3782386370
138,0.2000000000,0.3805379009
139,0.2000000000,0.3828330893
140,0.2000000000,0.3851241694
141,0.2000000000,0.3874111088
142,0.2000000000,0.3896938756
143,0.2000000000,0.3919724383
144,0.2000000000,0.3942467659
145,0.2000000000,0.3965168278
146,0.2000000000,0.3987825939
147,0.2000000000,0.4010440345
148,0.2000000000,0.4033011204
149,0.2000000000,0.4055538228
150,0.2000000000,0.4078021132
151,0.2000000000,0.4100459639
152,0.2000000000,0.4122853472
153,0.2000000000,0.4145202360
154,0.2000000000,0.4167506038
155,0.2000000000,0.4189764242
156,0.2000000000,0.4211976714
157,0.2000000000,0.4234143200
158,0.2000000000,0.4256263450
159,0.2000000000,0.4278337217
160,0.2000000000,0.4300364260
161,0.2000000000,0.4322344340
162,0.2000000000,0.4344277223
163,0.2000000000,0.4366162680
164,0.2000000000,0.4388000483
165,0.2000000000,0.4409790410
166,0.2000000000,0.4431532243
167,0.2000000000,0.4453225767
168,0.2000000000,0.4474870771
169,0.2000000000,0.4496467047
170,0.2000000000,0.4518014392
171,0.2000000000,0.4539512607
172,0.2000000000,0.4560961494
173,0.2000000000,0.4582360862
174,0.2000000000,0.4603710520
175,0.2000000000,0.4625010285
176,0.2000000000,0.4646259974
177,0.2000000000,0.4667459409
178,0.2000000000,0.4688608414
179,0.2000000000,0.4709706819
180,0.2000000000,0.4730754456
181,0.2000000000,0.4751751160
182,0.2000000000,0.4772696769
183,0.2000000000,0.4793591126
184,0.2000000000,0.4814434077
185,0.2000000000,0.4835225470
186,0.2000000000,0.4855965158
187,0.2000000000,0.4876652995
188,0.2000000000,0.4897288840
189,0.2000000000,0.4917872555
190,0.2000000000,0.4938404005
191,0.2000000000,0.4958883057
192,0.2000000000,0.4979309583
193,0.2000000000,0.4999683456
194,0.2000000000,0.5020004555
195,0.2000000000,0.5040272759
196,0.2000000000,0.5060487951
197,0.2000000000,0.5080650019
198,0.2000000000,0.5100758850
199,0.2000000000,0.5120814337
200,0.2000000000,0.5140816375
201,0.2000000000,0.5160764862
202,0.2000000000,0.5180659698
203,0.2000000000,0.5200500788
204,0.2000000000,0.5220288036
205,0.2000000000,0.5240021354
206,0.2000000000,0.5259700651
207,0.2000000000,0.5279325844
208,0.2000000000,0.5298896848
209,0.2000000000,0.5318413585
210,0.2000000000,0.5337875977
211,0.2000000000,0.5357283948
212,0.2000000000,0.5376637427
213,0.2000000000,0.5395936345
214,0.2000000000,0.5415180633
215,0.2000000000,0.5434370228
216,0.2000000000,0.5453505068
217,0.2000000000,0.5472585093
218,0.2000000000,0.5491610246
219,0.2000000000,0.5510580473
220,0.2000000000,0.5529495721
221,0.2000000000,0.5548355940
222,0.2000000000,0.5567161084
223,0.2000000000,0.5585911107
224,0.2000000000,0.5604605966
225,0.2000000000,0.5623245621
226,0.2000000000,0.5641830034
227,0.2000000000,0.5660359169
228,0.2000000000,0.5678832993
229,0.2000000000,0.5697251473
230,0.2000000000,0.5715614581
231,0.2000000000,0.5733922290
232,0.2000000000,0.5752174575
233,0.2000000000,0.5770371413
234,0.2000000000,0.5788512783
235,0.2000000000,0.5806598667
236,0.2000000000,0.5824629049
237,0.2000000000,0.5842603914
238,0.2000000000,0.5860523249
239,0.2000000000,0.5878387045
240,0.2000000000,0.5896195293
241,0.2000000000,0.5913947987
242,0.2000000000,0.5931645122
243,0.2000000000,0.5949286695
244,0.2000000000,0.5966872707
245,0.2000000000,0.5984403158
246,0.2000000000,0.6001878052
247,0.2000000000,0.6019297393
248,0.2000000000,0.6036661188
249,0.2000000000,0.6053969447
250,0.2000000000,0.6071222180
251,0.2000000000,0.6088419398
252,0.2000000000,0.6105561116
253,0.2000000000,0.6122647350
254,0.2000000000,0.6139678118
255,0.2000000000,0.6156653437
256,0.2000000000,0.6173573330
257,0.2000000000,0.6190437818
258,0.2000000000,0.6207246927
259,0.2000000000,0.6224000681
260,0.2000000000,0.6240699109
261,0.2000000000,0.6257342238
262,0.2000000000,0.6273930101
263,0.2000000000,0.6290462729
264,0.2000000000,0.6306940156
265,0.2000000000,0.6323362417
266,0.2000000000,0.6339729549
267,0.2000000000,0.6356041590
268,0.2000000000,0.6372298580
269,0.2000000000,0.6388500560
270,0.2000000000,0.6404647573
271,0.2000000000,0.6420739663
272,0.2000000000,0.6436776875
273,0.2000000000,0.6452759256
274,0.2000000000,0.6468686856
275,0.2000000000,0.6484559722
276,0.2000000000,0.6500377906
277,0.2000000000,0.6516141461
278,0.2000000000,0.6531850441
279,0.2000000000,0.6547504899
280,0.2000000000,0.6563104893
281,0.2000000000,0.6578650479
282,0.2000000000,0.6594141717
283,0.2000000000,0.6609578667
284,0.2000000000,0.6624961390
285,0.2000000000,0.6640289948
286,0.2000000000,0.6655564404
287,0.2000000000,0.6670784825
288,0.2000000000,0.6685951275
289,0.2000000000,0.6701063822
290,0.2000000000,0.6716122533
291,0.2000000000,0.6731127480
292,0.2000000000,0.6746078731
293,0.2000000000,0.6760976359
294,0.2000000000,0.6775820436
295,0.2000000000,0.6790611036
296,0.2000000000,0.6805348234
297,0.2000000000,0.6820032106
298,0.2000000000,0.6834662728
299,0.2000000000,0.6849240178
300,0.2000000000,0.6863764536
301,0.2000000000,0.6878235881
302,0.2000000000,0.6892654293
303,0.2000000000,0.6907019856
304,0.2000000000,0.6921332651
305,0.2000000000,0.6935592762
306,0.2000000000,0.6949800274
307,0.2000000000,0.6963955273
308,0.2000000000,0.6978057844
309,0.2000000000,0.6992108075
310,0.2000000000,0.7006106055
311,0.2000000000,0.7020051871
312,0.2000000000,0.7033945615
313,0.2000000000,0.7047787377
314,0.2000000000,0.7061577248
315,0.2000000000,0.7075315321
316,0.2000000000,0.7089001689
317,0.2000000000,0.7102636446
318,0.2000000000,0.7116219686
319,0.2000000000,0.7129751505
320,0.2000000000,0.7143232000
321,0.2000000000,0.7156661267
322,0.2000000000,0.7170039404
323,0.2000000000,0.7183366509
324,0.2000000000,0.7196642682
325,0.2000000000,0.7209868023
326,0.2000000000,0.7223042631
327,0.2000000000,0.7236166608
328,0.2000000000,0.7249240057
329,0.2000000000,0.7262263079
330,0.2000000000,0.7275235778
331,0.2000000000,0.7288158257
332,0.2000000000,0.7301030621
333,0.2000000000,0.7313852976
334,0.2000000000,0.7326625426
335,0.2000000000,0.7339348078
336,0.2000000000,0.7352021038
337,0.2000000000,0.7364644415
338,0.2000000000,0.7377218315
339,0.2000000000,0.7389742849
340,0.2000000000,0.7402218124
341,0.2000000000,0.7414644250
342,0.2000000000,0.7427021337
343,0.2000000000,0.7439349497
344,0.2000000000,0.7451628840
345,0.2000000000,0.7463859477
346,0.2000000000,0.7476041521
347,0.2000000000,0.7488175085
348,0.2000000000,0.7500260281
349,0.2000000000,0.7512297224
350,0.2000000000,0.7524286026
351,0.2000000000,0.7536226803
352,0.2000000000,0.7548119669
353,0.2000000000,0.7559964740
354,0.2000000000,0.7571762131
355,0.2000000000,0.7583511959
356,0.2000000000,0.7595214340
357,0.2000000000,0.7606869390
358,0.2000000000,0.7618477227
359,0.2000000000,0.7630037970
360,0.2000000000,0.7641551735
361,0.2000000000,0.7653018641
362,0.2000000000,0.7664438807
363,0.2000000000,0.7675812352
364,0.2000000000,0.7687139395
365,0.2000000000,0.7698420057
366,0.2000000000,0.7709654457
367,0.2000000000,0.7720842715
368,0.2000000000,0.7731984952
369,0.2000000000,0.7743081289
370,0.2000000000,0.7754131848
371,0.2000000000,0.7765136750
372,0.2000000000,0.7776096116
373,0.2000000000,0.7787010070
374,0.2000000000,0.7797878732
375,0.2000000000,0.7808702226
376,0.2000000000,0.7819480675
377,0.2000000000,0.7830214201
378,0.2000000000,0.7840902928
379,0.2000000000,0.7851546979
380,0.2000000000,0.7862146479
381,0.2000000000,0.7872701551
382,0.2000000000,0.7883212319
383,0.2000000000,0.7893678907
384,0.2000000000,0.7904101441
385,0.2000000000,0.7914480045
386,0.2000000000,0.7924814843
387,0.2000000000,0.7935105961
388,0.2000000000,0.7945353524
389,0.2000000000,0.7955557658
390,0.2000000000,0.7965718488
391,0.2000000000,0.7975836140
392,0.2000000000,0.7985910739
393,0.2000000000,0.7995942412
394,0.2000000000,0.8005931284
395,0.2000000000,0.8015877482
396,0.2000000000,0.8025781133
397,0.2000000000,0.8035642362
398,0.2000000000,0.8045461297
399,0.2000000000,0.8055238063
400,0.2000000000,0.8064972788
3,0.3000000000,0.0596183668
4,0.3000000000,0.0650605188
5,0.3000000000,0.0704596029
6,0.3000000000,0.0758421575
7,0.3000000000,0.0812236568
8,0.3000000000,0.0866121489
9,0.3000000000,0.0920117768
10,0.3000000000,0.0974245914
11,0.3000000000,0.1028514683
12,0.3000000000,0.1082925924
13,0.3000000000,0.1137477264
14,0.3000000000,0.1192163676
15,0.3000000000,0.1246978431
16,0.3000000000,0.1301913693
17,0.3000000000,0.1356960905
18,0.3000000000,0.1412111054
19,0.3000000000,0.1467354840
20,0.3000000000,0.1522682805
21,0.3000000000,0.1578085416
22,0.3000000000,0.1633553133
23,0.3000000000,0.1689076449
24,0.3000000000,0.1744645926
25,0.3000000000,0.1800252225
26,0.3000000000,0.1855886116
27,0.3000000000,0.1911538499
28,0.3000000000,0.1967200412
29,0.3000000000,0.2022863040
30,0.3000000000,0.2078517718
31,0.3000000000,0.2134155939
32,0.3000000000,0.2189769354
33,0.3000000000,0.2245349778
34,0.3000000000,0.2300889186
35,0.3000000000,0.2356379718
36,0.3000000000,0.2411813677
37,0.3000000000,0.2467183531
38,0.3000000000,0.2522481907
39,0.3000000000,0.2577701599
40,0.3000000000,0.2632835559
41,0.3000000000,0.2687876900
42,0.3000000000,0.2742818893
43,0.3000000000,0.2797654967
44,0.3000000000,0.2852378708
45,0.3000000000,0.2906983852
46,0.3000000000,0.2961464291
47,0.3000000000,0.3015814067
48,0.3000000000,0.3070027369
49,0.3000000000,0.3124098536
50,0.3000000000,0.3178022049
51,0.3000000000,0.3231792535
52,0.3000000000,0.3285404761
53,0.3000000000,0.3338853634
54,0.3000000000,0.3392134198
55,0.3000000000,0.3445241634
56,0.3000000000,0.3498171256
57,0.3000000000,0.3550918509
58,0.3000000000,0.3603478970
59,0.3000000000,0.3655848342
60,0.3000000000,0.3708022456
61,0.3000000000,0.3759997267
62,0.3000000000,0.3811768850
63,0.3000000000,0.3863333404
64,0.3000000000,0.3914687243
65,0.3000000000,0.3965826801
66,0.3000000000,0.4016748625
67,0.3000000000,0.4067449376
68,0.3000000000,0.4117925825
69,0.3000000000,0.4168174854
70,0.3000000000,0.4218193450
71,0.3000000000,0.4267978710
72,0.3000000000,0.4317527831
73,0.3000000000,0.4366838115
74,0.3000000000,0.4415906962
75,0.3000000000,0.4464731873
76,0.3000000000,0.4513310447
77,0.3000000000,0.4561640374
78,0.3000000000,0.4609719443
79,0.3000000000,0.4657545532
80,0.3000000000,0.4705116610
81,0.3000000000,0.4752430735
82,0.3000000000,0.4799486052
83,0.3000000000,0.4846280792
84,0.3000000000,0.4892813270
85,0.3000000000,0.4939081884
86,0.3000000000,0.4985085112
87,0.3000000000,0.5030821511
88,0.3000000000,0.5076289717
89,0.3000000000,0.5121488442
90,0.3000000000,0.5166416474
91,0.3000000000,0.5211072673
92,0.3000000000,0.5255455972
93,0.3000000000,0.5299565373
94,0.3000000000,0.5343399950
95,0.3000000000,0.5386958843
96,0.3000000000,0.5430241258
97,0.3000000000,0.5473246468
98,0.3000000000,0.5515973809
99,0.3000000000,0.5558422678
100,0.3000000000,0.5600592536
101,0.3000000000,0.5642482901
102,0.3000000000,0.5684093352
103,0.3000000000,0.5725423524
104,0.3000000000,0.5766473109
105,0.3000000000,0.5807241853
106,0.3000000000,0.5847729556
107,0.3000000000,0.5887936072
108,0.3000000000,0.5927861303
109,0.3000000000,0.5967505205
110,0.3000000000,0.6006867782
111,0.3000000000,0.6045949084
112,0.3000000000,0.6084749210
113,0.3000000000,0.6123268303
114,0.3000000000,0.6161506554
115,0.3000000000,0.6199464194
116,0.3000000000,0.6237141498
117,0.3000000000,0.6274538784
118,0.3000000000,0.6311656407
119,0.3000000000,0.6348494766
120,0.3000000000,0.6385054295
121,0.3000000000,0.6421335468
122,0.3000000000,0.6457338794
123,0.3000000000,0.6493064819
124,0.3000000000,0.6528514124
125,0.3000000000,0.6563687322
126,0.3000000000,0.6598585060
127,0.3000000000,0.6633208019
128,0.3000000000,0.6667556909
129,0.3000000000,0.6701632471
130,0.3000000000,0.6735435476
131,0.3000000000,0.6768966723
132,0.3000000000,0.6802227040
133,0.3000000000,0.6835217282
134,0.3000000000,0.6867938329
135,0.3000000000,0.6900391088
136,0.3000000000,0.6932576490
137,0.3000000000,0.6964495492
138,0.3000000000,0.6996149072
139,0.3000000000,0.7027538232
140,0.3000000000,0.7058663994
141,0.3000000000,0.7089527405
142,0.3000000000,0.7120129530
143,0.3000000000,0.7150471452
144,0.3000000000,0.7180554278
145,0.3000000000,0.7210379130
146,0.3000000000,0.7239947149
147,0.3000000000,0.7269259494
148,0.3000000000,0.7298317338
149,0.3000000000,0.7327121875
150,0.3000000000,0.7355674309
151,0.3000000000,0.7383975864
152,0.3000000000,0.7412027773
153,0.3000000000,0.7439831289
154,0.3000000000,0.7467387672
155,0.3000000000,0.7494698199
156,0.3000000000,0.7521764159
157,0.3000000000,0.7548586849
158,0.3000000000,0.7575167582
159,0.3000000000,0.7601507678
160,0.3000000000,0.7627608468
161,0.3000000000,0.7653471295
162,0.3000000000,0.7679097508
163,0.3000000000,0.7704488467
164,0.3000000000,0.7729645538
165,0.3000000000,0.7754570098
166,0.3000000000,0.7779263529
167,0.3000000000,0.7803727221
168,0.3000000000,0.7827962570
169,0.3000000000,0.7851970978
170,0.3000000000,0.7875753855
171,0.3000000000,0.7899312613
172,0.3000000000,0.7922648671
173,0.3000000000,0.7945763453
174,0.3000000000,0.7968658386
175,0.3000000000,0.7991334902
176,0.3000000000,0.8013794435
177,0.3000000000,0.8036038425
178,0.3000000000,0.8058068312
179,0.3000000000,0.8079885540
180,0.3000000000,0.8101491554
181,0.3000000000,0.8122887804
182,0.3000000000,0.8144075737
183,0.3000000000,0.8165056805
184,0.3000000000,0.8185832460
185,0.3000000000,0.8206404154
186,0.3000000000,0.8226773341
187,0.3000000000,0.8246941472
188,0.3000000000,0.8266910003
189,0.3000000000,0.8286680384
190,0.3000000000,0.8306254069
191,0.3000000000,0.8325632508
192,0.3000000000,0.8344817152
193,0.3000000000,0.8363809450
194,0.3000000000,0.8382610849
195,0.3000000000,0.8401222794
196,0.3000000000,0.8419646730
197,0.3000000000,0.8437884098
198,0.3000000000,0.8455936336
199,0.3000000000,0.8473804881
200,0.3000000000,0.8491491166
201,0.3000000000,0.8508996623
202,0.3000000000,0.8526322678
203,0.3000000000,0.8543470756
204,0.3000000000,0.8560442277
205,0.3000000000,0.8577238657
206,0.3000000000,0.8593861311
207,0.3000000000,0.8610311646
208,0.3000000000,0.8626591067
209,0.3000000000,0.8642700975
210,0.3000000000,0.8658642765
211,0.3000000000,0.8674417830
212,0.3000000000,0.8690027554
213,0.3000000000,0.8705473320
214,0.3000000000,0.8720756505
215,0.3000000000,0.8735878480
216,0.3000000000,0.8750840610
217,0.3000000000,0.8765644257
218,0.3000000000,0.8780290776
219,0.3000000000,0.8794781516
220,0.3000000000,0.8809117821
221,0.3000000000,0.8823301030
222,0.3000000000,0.8837332474
223,0.3000000000,0.8851213479
224,0.3000000000,0.8864945365
225,0.3000000000,0.8878529446
226,0.3000000000,0.8891967030
227,0.3000000000,0.8905259417
228,0.3000000000,0.8918407902
229,0.3000000000,0.8931413774
230,0.3000000000,0.8944278313
231,0.3000000000,0.8957002794
232,0.3000000000,0.8969588486
233,0.3000000000,0.8982036650
234,0.3000000000,0.8994348540
235,0.3000000000,0.9006525404
236,0.3000000000,0.9018568482
237,0.3000000000,0.9030479007
238,0.3000000000,0.9042258206
239,0.3000000000,0.9053907299
240,0.3000000000,0.9065427497
241,0.3000000000,0.9076820005
242,0.3000000000,0.9088086021
243,0.3000000000,0.9099226735
244,0.3000000000,0.9110243330
245,0.3000000000,0.9121136982
246,0.3000000000,0.9131908859
247,0.3000000000,0.9142560122
248,0.3000000000,0.9153091924
249,0.3000000000,0.9163505410
250,0.3000000000,0.9173801720
251,0.3000000000,0.9183981985
252,0.3000000000,0.9194047326
253,0.3000000000,0.9203998861
254,0.3000000000,0.9213837698
255,0.3000000000,0.9223564936
256,0.3000000000,0.9233181670
257,0.3000000000,0.9242688984
258,0.3000000000,0.9252087956
259,0.3000000000,0.9261379657
260,0.3000000000,0.9270565149
261,0.3000000000,0.9279645486
262,0.3000000000,0.9288621717
263,0.3000000000,0.9297494880
264,0.3000000000,0.9306266008
265,0.3000000000,0.9314936125
266,0.3000000000,0.9323506248
267,0.3000000000,0.9331977387
268,0.3000000000,0.9340350541
269,0.3000000000,0.9348626706
270,0.3000000000,0.9356806868
271,0.3000000000,0.9364892005
272,0.3000000000,0.9372883089
273,0.3000000000,0.9380781083
274,0.3000000000,0.9388586943
275,0.3000000000,0.9396301618
276,0.3000000000,0.9403926049
277,0.3000000000,0.9411461169
278,0.3000000000,0.9418907904
279,0.3000000000,0.9426267172
280,0.3000000000,0.9433539885
281,0.3000000000,0.9440726946
282,0.3000000000,0.9447829252
283,0.3000000000,0.9454847692
284,0.3000000000,0.9461783146
285,0.3000000000,0.9468636489
286,0.3000000000,0.9475408588
287,0.3000000000,0.9482100302
288,0.3000000000,0.9488712484
289,0.3000000000,0.9495245978
290,0.3000000000,0.9501701623
291,0.3000000000,0.9508080249
292,0.3000000000,0.9514382679
293,0.3000000000,0.9520609731
294,0.3000000000,0.9526762213
295,0.3000000000,0.9532840927
296,0.3000000000,0.9538846669
297,0.3000000000,0.9544780227
298,0.3000000000,0.9550642381
299,0.3000000000,0.9556433908
300,0.3000000000,0.9562155573
301,0.3000000000,0.9567808137
302,0.3000000000,0.9573392354
303,0.3000000000,0.9578908971
304,0.3000000000,0.9584358728
305,0.3000000000,0.9589742358
306,0.3000000000,0.9595060589
307,0.3000000000,0.9600314139
308,0.3000000000,0.9605503723
309,0.3000000000,0.9610630048
310,0.3000000000,0.9615693813
311,0.3000000000,0.9620695713
312,0.3000000000,0.9625636434
313,0.3000000000,0.9630516658
314,0.3000000000,0.9635337059
315,0.3000000000,0.9640098306
316,0.3000000000,0.9644801059
317,0.3000000000,0.9649445976
318,0.3000000000,0.9654033704
319,0.3000000000,0.9658564887
320,0.3000000000,0.9663040161
321,0.3000000000,0.9667460159
322,0.3000000000,0.9671825504
323,0.3000000000,0.9676136815
324,0.3000000000,0.9680394705
325,0.3000000000,0.9684599780
326,0.3000000000,0.9688752641
327,0.3000000000,0.9692853883
328,0.3000000000,0.9696904096
329,0.3000000000,0.9700903862
330,0.3000000000,0.9704853758
331,0.3000000000,0.9708754357
332,0.3000000000,0.9712606225
333,0.3000000000,0.9716409922
334,0.3000000000,0.9720166003
335,0.3000000000,0.9723875017
336,0.3000000000,0.9727537508
337,0.3000000000,0.9731154014
338,0.3000000000,0.9734725069
339,0.3000000000,0.9738251198
340,0.3000000000,0.9741732926
341,0.3000000000,0.9745170767
342,0.3000000000,0.9748565235
343,0.3000000000,0.9751916834
344,0.3000000000,0.9755226067
345,0.3000000000,0.9758493429
346,0.3000000000,0.9761719410
347,0.3000000000,0.9764904498
348,0.3000000000,0.9768049171
349,0.3000000000,0.9771153906
350,0.3000000000,0.9774219174
351,0.3000000000,0.9777245440
352,0.3000000000,0.9780233166
353,0.3000000000,0.9783182808
354,0.3000000000,0.9786094816
355,0.3000000000,0.9788969637
356,0.3000000000,0.9791807714
357,0.3000000000,0.9794609484
358,0.3000000000,0.9797375378
359,0.3000000000,0.9800105825
360,0.3000000000,0.9802801249
361,0.3000000000,0.9805462068
362,0.3000000000,0.9808088696
363,0.3000000000,0.9810681544
364,0.3000000000,0.9813241017
365,0.3000000000,0.9815767516
366,0.3000000000,0.9818261438
367,0.3000000000,0.9820723176
368,0.3000000000,0.9823153118
369,0.3000000000,0.9825551647
370,0.3000000000,0.9827919145
371,0.3000000000,0.9830255986
372,0.3000000000,0.9832562542
373,0.3000000000,0.9834839182
374,0.3000000000,0.9837086267
375,0.3000000000,0.9839304159
376,0.3000000000,0.9841493213
377,0.3000000000,0.9843653780
378,0.3000000000,0.9845786208
379,0.3000000000,0.9847890841
380,0.3000000000,0.9849968019
381,0.3000000000,0.9852018079
382,0.3000000000,0.9854041353
383,0.3000000000,0.9856038171
384,0.3000000000,0.9858008856
385,0.3000000000,0.9859953732
386,0.3000000000,0.9861873116
387,0.3000000000,0.9863767322
388,0.3000000000,0.9865636661
389,0.3000000000,0.9867481441
390,0.3000000000,0.9869301966
391,0.3000000000,0.9871098536
392,0.3000000000,0.9872871448
393,0.3000000000,0.9874620996
394,0.3000000000,0.9876347470
395,0.3000000000,0.9878051157
396,0.3000000000,0.9879732342
397,0.3000000000,0.9881391304
398,0.3000000000,0.9883028321
399,0.3000000000,0.9884643667
400,0.3000000000,0.9886237614
3,0.5000000000,0.0768490500
4,0.5000000000,0.0922823792
5,0.5000000000,0.1076859898
6,0.5000000000,0.1231048281
7,0.5000000000,0.1385583096
8,0.5000000000,0.1540475023
9,0.5000000000,0.1695641886
10,0.5000000000,0.1850956563
11,0.5000000000,0.2006271351
12,0.5000000000,0.2161430735
13,0.5000000000,0.2316278350
14,0.5000000000,0.2470660891
15,0.5000000000,0.2624430339
16,0.5000000000,0.2777445238
17,0.5000000000,0.2929571394
18,0.5000000000,0.3080682226
19,0.5000000000,0.3230658893
20,0.5000000000,0.3379390289
21,0.5000000000,0.3526772938
22,0.5000000000,0.3672710826
23,0.5000000000,0.3817115203
24,0.5000000000,0.3959904347
25,0.5000000000,0.4101003324
26,0.5000000000,0.4240343726
27,0.5000000000,0.4377863410
28,0.5000000000,0.4513506237
29,0.5000000000,0.4647221809
30,0.5000000000,0.4778965208
31,0.5000000000,0.4908696737
32,0.5000000000,0.5036381674
33,0.5000000000,0.5161990022
34,0.5000000000,0.5285496271
35,0.5000000000,0.5406879164
36,0.5000000000,0.5526121469
37,0.5000000000,0.5643209762
38,0.5000000000,0.5758134214
39,0.5000000000,0.5870888381
40,0.5000000000,0.5981469011
41,0.5000000000,0.6089875853
42,0.5000000000,0.6196111466
43,0.5000000000,0.6300181048
44,0.5000000000,0.6402092265
45,0.5000000000,0.6501855084
46,0.5000000000,0.6599481619
47,0.5000000000,0.6694985979
48,0.5000000000,0.6788384125
49,0.5000000000,0.6879693732
50,0.5000000000,0.6968934055
51,0.5000000000,0.7056125808
52,0.5000000000,0.7141291037
53,0.5000000000,0.7224453013
54,0.5000000000,0.7305636117
55,0.5000000000,0.7384865741
56,0.5000000000,0.7462168184
57,0.5000000000,0.7537570562
58,0.5000000000,0.7611100721
59,0.5000000000,0.7682787145
60,0.5000000000,0.7752658885
61,0.5000000000,0.7820745478
62,0.5000000000,0.7887076876
63,0.5000000000,0.7951683381
64,0.5000000000,0.8014595579
65,0.5000000000,0.8075844281
66,0.5000000000,0.8135460467
67,0.5000000000,0.8193475231
68,0.5000000000,0.8249919735
69,0.5000000000,0.8304825159
70,0.5000000000,0.8358222658
71,0.5000000000,0.8410143324
72,0.5000000000,0.8460618144
73,0.5000000000,0.8509677967
74,0.5000000000,0.8557353472
75,0.5000000000,0.8603675134
76,0.5000000000,0.8648673201
77,0.5000000000,0.8692377662
78,0.5000000000,0.8734818228
79,0.5000000000,0.8776024309
80,0.5000000000,0.8816024992
81,0.5000000000,0.8854849024
82,0.5000000000,0.8892524795
83,0.5000000000,0.8929080324
84,0.5000000000,0.8964543245
85,0.5000000000,0.8998940794
86,0.5000000000,0.9032299800
87,0.5000000000,0.9064646673
88,0.5000000000,0.9096007400
89,0.5000000000,0.9126407534
90,0.5000000000,0.9155872190
91,0.5000000000,0.9184426038
92,0.5000000000,0.9212093304
93,0.5000000000,0.9238897760
94,0.5000000000,0.9264862729
95,0.5000000000,0.9290011077
96,0.5000000000,0.9314365217
97,0.5000000000,0.9337947106
98,0.5000000000,0.9360778247
99,0.5000000000,0.9382879691
100,0.5000000000,0.9404272038
101,0.5000000000,0.9424975437
102,0.5000000000,0.9445009594
103,0.5000000000,0.9464393770
104,0.5000000000,0.9483146787
105,0.5000000000,0.9501287034
106,0.5000000000,0.9518832466
107,0.5000000000,0.9535800614
108,0.5000000000,0.9552208587
109,0.5000000000,0.9568073079
110,0.5000000000,0.9583410372
111,0.5000000000,0.9598236343
112,0.5000000000,0.9612566472
113,0.5000000000,0.9626415844
114,0.5000000000,0.9639799158
115,0.5000000000,0.9652730732
116,0.5000000000,0.9665224510
117,0.5000000000,0.9677294067
118,0.5000000000,0.9688952619
119,0.5000000000,0.9700213026
120,0.5000000000,0.9711087800
121,0.5000000000,0.9721589112
122,0.5000000000,0.9731728798
123,0.5000000000,0.9741518367
124,0.5000000000,0.9750969007
125,0.5000000000,0.9760091590
126,0.5000000000,0.9768896682
127,0.5000000000,0.9777394548
128,0.5000000000,0.9785595157
129,0.5000000000,0.9793508191
130,0.5000000000,0.9801143052
131,0.5000000000,0.9808508866
132,0.5000000000,0.9815614491
133,0.5000000000,0.9822468522
134,0.5000000000,0.9829079301
135,0.5000000000,0.9835454917
136,0.5000000000,0.9841603219
137,0.5000000000,0.9847531817
138,0.5000000000,0.9853248090
139,0.5000000000,0.9858759191
140,0.5000000000,0.9864072054
141,0.5000000000,0.9869193400
142,0.5000000000,0.9874129740
143,0.5000000000,0.9878887384
144,0.5000000000,0.9883472443
145,0.5000000000,0.9887890836
146,0.5000000000,0.9892148297
147,0.5000000000,0.9896250376
148,0.5000000000,0.9900202447
149,0.5000000000,0.9904009714
150,0.5000000000,0.9907677210
151,0.5000000000,0.9911209811
152,0.5000000000,0.9914612230
153,0.5000000000,0.9917889031
154,0.5000000000,0.9921044626
155,0.5000000000,0.9924083286
156,0.5000000000,0.9927009139
157,0.5000000000,0.9929826177
158,0.5000000000,0.9932538263
159,0.5000000000,0.9935149127
160,0.5000000000,0.9937662378
161,0.5000000000,0.9940081505
162,0.5000000000,0.9942409877
163,0.5000000000,0.9944650752
164,0.5000000000,0.9946807278
165,0.5000000000,0.9948882495
166,0.5000000000,0.9950879341
167,0.5000000000,0.9952800653
168,0.5000000000,0.9954649172
169,0.5000000000,0.9956427545
170,0.5000000000,0.9958138327
171,0.5000000000,0.9959783985
172,0.5000000000,0.9961366903
173,0.5000000000,0.9962889380
174,0.5000000000,0.9964353635
175,0.5000000000,0.9965761812
176,0.5000000000,0.9967115977
177,0.5000000000,0.9968418127
178,0.5000000000,0.9969670185
179,0.5000000000,0.9970874010
180,0.5000000000,0.9972031393
181,0.5000000000,0.9973144063
182,0.5000000000,0.9974213686
183,0.5000000000,0.9975241870
184,0.5000000000,0.9976230165
185,0.5000000000,0.9977180067
186,0.5000000000,0.9978093018
187,0.5000000000,0.9978970406
188,0.5000000000,0.9979813571
189,0.5000000000,0.9980623806
190,0.5000000000,0.9981402353
191,0.5000000000,0.9982150415
192,0.5000000000,0.9982869145
193,0.5000000000,0.9983559659
194,0.5000000000,0.9984223030
195,0.5000000000,0.9984860292
196,0.5000000000,0.9985472441
197,0.5000000000,0.9986060438
198,0.5000000000,0.9986625206
199,0.5000000000,0.9987167637
200,0.5000000000,0.9987688588
201,0.5000000000,0.9988188885
202,0.5000000000,0.9988669324
203,0.5000000000,0.9989130669
204,0.5000000000,0.9989573659
205,0.5000000000,0.9989999004
206,0.5000000000,0.9990407387
207,0.5000000000,0.9990799466
208,0.5000000000,0.9991175873
209,0.5000000000,0.9991537220
210,0.5000000000,0.9991884091
211,0.5000000000,0.9992217052
212,0.5000000000,0.9992536646
213,0.5000000000,0.9992843396
214,0.5000000000,0.9993137804
215,0.5000000000,0.9993420355
216,0.5000000000,0.9993691514
217,0.5000000000,0.9993951728
218,0.5000000000,0.9994201429
219,0.5000000000,0.9994441030
220,0.5000000000,0.9994670931
221,0.5000000000,0.9994891514
222,0.5000000000,0.9995103148
223,0.5000000000,0.9995306188
224,0.5000000000,0.9995500974
225,0.5000000000,0.9995687834
226,0.5000000000,0.9995867082
227,0.5000000000,0.9996039023
228,0.5000000000,0.9996203946
229,0.5000000000,0.9996362132
230,0.5000000000,0.9996513850
231,0.5000000000,0.9996659359
232,0.5000000000,0.9996798906
233,0.5000000000,0.9996932731
234,0.5000000000,0.9997061064
235,0.5000000000,0.9997184124
236,0.5000000000,0.9997302124
237,0.5000000000,0.9997415268
238,0.5000000000,0.9997523750
239,0.5000000000,0.9997627760
240,0.5000000000,0.9997727477
241,0.5000000000,0.9997823076
242,0.5000000000,0.9997914723
243,0.5000000000,0.9998002577
244,0.5000000000,0.9998086793
245,0.5000000000,0.9998167518
246,0.5000000000,0.9998244894
247,0.5000000000,0.9998319058
248,0.5000000000,0.9998390140
249,0.5000000000,0.9998458265
250,0.5000000000,0.9998523555
251,0.5000000000,0.9998586124
252,0.5000000000,0.9998646085
253,0.5000000000,0.9998703544
254,0.5000000000,0.9998758603
255,0.5000000000,0.9998811361
256,0.5000000000,0.9998861912
257,0.5000000000,0.9998910346
258,0.5000000000,0.9998956752
259,0.5000000000,0.9999001211
260,0.5000000000,0.9999043805
261,0.5000000000,0.9999084611
262,0.5000000000,0.9999123701
263,0.5000000000,0.9999161147
264,0.5000000000,0.9999197017
265,0.5000000000,0.9999231375
266,0.5000000000,0.9999264286
267,0.5000000000,0.9999295808
268,0.5000000000,0.9999325999
269,0.5000000000,0.9999354914
270,0.5000000000,0.9999382607
271,0.5000000000,0.9999409128
272,0.5000000000,0.9999434526
273,0.5000000000,0.9999458847
274,0.5000000000,0.9999482138
275,0.5000000000,0.9999504439
276,0.5000000000,0.9999525794
277,0.5000000000,0.9999546242
278,0.5000000000,0.9999565819
279,0.5000000000,0.9999584564
280,0.5000000000,0.9999602510
281,0.5000000000,0.9999619692
282,0.5000000000,0.9999636141
283,0.5000000000,0.9999651887
284,0.5000000000,0.9999666962
285,0.5000000000,0.9999681392
286,0.5000000000,0.9999695205
287,0.5000000000,0.9999708427
288,0.5000000000,0.9999721083
289,0.5000000000,0.9999733197
290,0.5000000000,0.9999744791
291,0.5000000000,0.9999755888
292,0.5000000000,0.9999766509
293,0.5000000000,0.9999776673
294,0.5000000000,0.9999786400
295,0.5000000000,0.9999795709
296,0.5000000000,0.9999804618
297,0.5000000000,0.9999813142
298,0.5000000000,0.9999821299
299,0.5000000000,0.9999829105
300,0.5000000000,0.9999836573
301,0.5000000000,0.9999843720
302,0.5000000000,0.9999850557
303,0.5000000000,0.9999857099
304,0.5000000000,0.9999863358
305,0.5000000000,0.9999869346
306,0.5000000000,0.9999875074
307,0.5000000000,0.9999880555
308,0.5000000000,0.9999885798
309,0.5000000000,0.9999890813
310,0.5000000000,0.9999895610
311,0.5000000000,0.9999900200
312,0.5000000000,0.9999904589
313,0.5000000000,0.9999908788
314,0.5000000000,0.9999912804
315,0.5000000000,0.9999916646
316,0.5000000000,0.9999920320
317,0.5000000000,0.9999923833
318,0.5000000000,0.9999927194
319,0.5000000000,0.9999930408
320,0.5000000000,0.9999933481
321,0.5000000000,0.9999936421
322,0.5000000000,0.9999939231
323,0.5000000000,0.9999941919
324,0.5000000000,0.9999944490
325,0.5000000000,0.9999946947
326,0.5000000000,0.9999949297
327,0.5000000000,0.9999951544
328,0.5000000000,0.9999953693
329,0.5000000000,0.9999955747
330,0.5000000000,0.9999957711
331,0.5000000000,0.9999959589
332,0.5000000000,0.9999961384
333,0.5000000000,0.9999963101
334,0.5000000000,0.9999964741
335,0.5000000000,0.9999966310
336,0.5000000000,0.9999967809
337,0.5000000000,0.9999969243
338,0.5000000000,0.9999970613
339,0.5000000000,0.9999971923
340,0.5000000000,0.9999973175
341,0.5000000000,0.9999974372
342,0.5000000000,0.9999975515
343,0.5000000000,0.9999976609
344,0.5000000000,0.9999977654
345,0.5000000000,0.9999978652
346,0.5000000000,0.9999979607
347,0.5000000000,0.9999980519
348,0.5000000000,0.9999981391
349,0.5000000000,0.9999982224
350,0.5000000000,0.9999983020
351,0.5000000000,0.9999983781
352,0.5000000000,0.9999984508
353,0.5000000000,0.9999985203
354,0.5000000000,0.9999985867
355,0.5000000000,0.9999986501
356,0.5000000000,0.9999987108
357,0.5000000000,0.9999987687
358,0.5000000000,0.9999988240
359,0.5000000000,0.9999988769
360,0.5000000000,0.9999989274
361,0.5000000000,0.9999989757
362,0.5000000000,0.9999990218
363,0.5000000000,0.9999990659
364,0.5000000000,0.9999991080
365,0.5000000000,0.9999991482
366,0.5000000000,0.9999991866
367,0.5000000000,0.9999992233
368,0.5000000000,0.9999992583
369,0.5000000000,0.9999992918
370,0.5000000000,0.9999993238
371,0.5000000000,0.9999993544
372,0.5000000000,0.9999993836
373,0.5000000000,0.9999994114
374,0.5000000000,0.9999994381
375,0.5000000000,0.9999994635
376,0.5000000000,0.9999994878
377,0.5000000000,0.9999995110
378,0.5000000000,0.9999995332
379,0.5000000000,0.9999995543
380,0.5000000000,0.9999995745
381,0.5000000000,0.9999995938
382,0.5000000000,0.9999996123
383,0.5000000000,0.9999996299
384,0.5000000000,0.9999996467
385,0.5000000000,0.9999996627
386,0.5000000000,0.9999996781
387,0.5000000000,0.9999996927
388,0.5000000000,0.9999997067
389,0.5000000000,0.9999997200
390,0.5000000000,0.9999997328
391,0.5000000000,0.9999997450
392,0.5000000000,0.9999997566
393,0.5000000000,0.9999997677
394,0.5000000000,0.9999997783
395,0.5000000000,0.9999997884
396,0.5000000000,0.9999997980
397,0.5000000000,0.9999998072
398,0.5000000000,0.9999998160
399,0.5000000000,0.9999998244
400,0.5000000000,0.9999998325
3,0.8000000000,0.1193292831
4,0.8000000000,0.1601134409
5,0.8000000000,0.2007394527
6,0.8000000000,0.2410184275
7,0.8000000000,0.2807662713
8,0.8000000000,0.3197992738
9,0.8000000000,0.3579489549
10,0.8000000000,0.3950692121
11,0.8000000000,0.4310384603
12,0.8000000000,0.4657592883
13,0.8000000000,0.4991569512
14,0.8000000000,0.5311773531
15,0.8000000000,0.5617848517
16,0.8000000000,0.5909600573
17,0.8000000000,0.6186977144
18,0.8000000000,0.6450047145
19,0.8000000000,0.6698982612
20,0.8000000000,0.6934041966
21,0.8000000000,0.7155554897
22,0.8000000000,0.7363908808
23,0.8000000000,0.7559536772
24,0.8000000000,0.7742906879
25,0.8000000000,0.7914512900
26,0.8000000000,0.8074866151
27,0.8000000000,0.8224488460
28,0.8000000000,0.8363906128
29,0.8000000000,0.8493644804
30,0.8000000000,0.8614225160
31,0.8000000000,0.8726159305
32,0.8000000000,0.8829947829
33,0.8000000000,0.8926077432
34,0.8000000000,0.9015019044
35,0.8000000000,0.9097226389
36,0.8000000000,0.9173134934
37,0.8000000000,0.9243161159
38,0.8000000000,0.9307702124
39,0.8000000000,0.9367135264
40,0.8000000000,0.9421818397
41,0.8000000000,0.9472089903
42,0.8000000000,0.9518269036
43,0.8000000000,0.9560656365
44,0.8000000000,0.9599534291
45,0.8000000000,0.9635167653
46,0.8000000000,0.9667804375
47,0.8000000000,0.9697676164
48,0.8000000000,0.9724999224
49,0.8000000000,0.9749974997
50,0.8000000000,0.9772790907
51,0.8000000000,0.9793621093
52,0.8000000000,0.9812627154
53,0.8000000000,0.9829958861
54,0.8000000000,0.9845754867
55,0.8000000000,0.9860143385
56,0.8000000000,0.9873242851
57,0.8000000000,0.9885162556
58,0.8000000000,0.9896003253
59,0.8000000000,0.9905857737
60,0.8000000000,0.9914811397
61,0.8000000000,0.9922942737
62,0.8000000000,0.9930323869
63,0.8000000000,0.9937020985
64,0.8000000000,0.9943094789
65,0.8000000000,0.9948600914
66,0.8000000000,0.9953590305
67,0.8000000000,0.9958109584
68,0.8000000000,0.9962201386
69,0.8000000000,0.9965904673
70,0.8000000000,0.9969255031
71,0.8000000000,0.9972284936
72,0.8000000000,0.9975024014
73,0.8000000000,0.9977499271
74,0.8000000000,0.9979735312
75,0.8000000000,0.9981754543
76,0.8000000000,0.9983577352
77,0.8000000000,0.9985222288
78,0.8000000000,0.9986706210
79,0.8000000000,0.9988044441
80,0.8000000000,0.9989250894
81,0.8000000000,0.9990338202
82,0.8000000000,0.9991317826
83,0.8000000000,0.9992200160
84,0.8000000000,0.9992994627
85,0.8000000000,0.9993709765
86,0.8000000000,0.9994353309
87,0.8000000000,0.9994932260
88,0.8000000000,0.9995452954
89,0.8000000000,0.9995921124
90,0.8000000000,0.9996341952
91,0.8000000000,0.9996720125
92,0.8000000000,0.9997059876
93,0.8000000000,0.9997365030
94,0.8000000000,0.9997639038
95,0.8000000000,0.9997885018
96,0.8000000000,0.9998105782
97,0.8000000000,0.9998303865
98,0.8000000000,0.9998481556
99,0.8000000000,0.9998640915
100,0.8000000000,0.9998783800
101,0.8000000000,0.9998911885
102,0.8000000000,0.9999026676
103,0.8000000000,0.9999129530
104,0.8000000000,0.9999221667
105,0.8000000000,0.9999304187
106,0.8000000000,0.9999378076
107,0.8000000000,0.9999444224
108,0.8000000000,0.9999503430
109,0.8000000000,0.9999556410
110,0.8000000000,0.9999603810
111,0.8000000000,0.9999646208
112,0.8000000000,0.9999684126
113,0.8000000000,0.9999718029
114,0.8000000000,0.9999748337
115,0.8000000000,0.9999775426
116,0.8000000000,0.9999799633
117,0.8000000000,0.9999821261
118,0.8000000000,0.9999840581
119,0.8000000000,0.9999857836
120,0.8000000000,0.9999873244
121,0.8000000000,0.9999887001
122,0.8000000000,0.9999899280
123,0.8000000000,0.9999910239
124,0.8000000000,0.9999920018
125,0.8000000000,0.9999928743
126,0.8000000000,0.9999936525
127,0.8000000000,0.9999943467
128,0.8000000000,0.9999949656
129,0.8000000000,0.9999955175
130,0.8000000000,0.9999960094
131,0.8000000000,0.9999964479
132,0.8000000000,0.9999968387
133,0.8000000000,0.9999971868
134,0.8000000000,0.9999974970
135,0.8000000000,0.9999977733
136,0.8000000000,0.9999980193
137,0.8000000000,0.9999982384
138,0.8000000000,0.9999984335
139,0.8000000000,0.9999986072
140,0.8000000000,0.9999987618
141,0.8000000000,0.9999988993
142,0.8000000000,0.9999990217
143,0.8000000000,0.9999991307
144,0.8000000000,0.9999992275
145,0.8000000000,0.9999993137
146,0.8000000000,0.9999993903
147,0.8000000000,0.9999994585
148,0.8000000000,0.9999995191
149,0.8000000000,0.9999995729
150,0.8000000000,0.9999996208
151,0.8000000000,0.9999996634
152,0.8000000000,0.9999997012
153,0.8000000000,0.9999997348
154,0.8000000000,0.9999997646
155,0.8000000000,0.9999997911
156,0.8000000000,0.9999998147
157,0.8000000000,0.9999998356
158,0.8000000000,0.9999998541
159,0.8000000000,0.9999998706
160,0.8000000000,0.9999998853
161,0.8000000000,0.9999998983
162,0.8000000000,0.9999999098
163,0.8000000000,0.9999999200
164,0.8000000000,0.9999999291
165,0.8000000000,0.9999999371
166,0.8000000000,0.9999999443
167,0.8000000000,0.9999999506
168,0.8000000000,0.9999999563
169,0.8000000000,0.9999999612
170,0.8000000000,0.9999999657
171,0.8000000000,0.9999999696
172,0.8000000000,0.9999999731
173,0.8000000000,0.9999999761
174,0.8000000000,0.9999999789
175,0.8000000000,0.9999999813
176,0.8000000000,0.9999999834
177,0.8000000000,0.9999999853
178,0.8000000000,0.9999999870
179,0.8000000000,0.9999999885
180,0.8000000000,0.9999999898
181,0.8000000000,0.9999999910
182,0.8000000000,0.9999999920
183,0.8000000000,0.9999999930
184,0.8000000000,0.9999999938
185,0.8000000000,0.9999999945
186,0.8000000000,0.9999999951
187,0.8000000000,0.9999999957
188,0.8000000000,0.9999999962
189,0.8000000000,0.9999999966
190,0.8000000000,0.9999999970
191,0.8000000000,0.9999999974
192,0.8000000000,0.9999999977
193,0.8000000000,0.9999999979
194,0.8000000000,0.9999999982
195,0.8000000000,0.9999999984
196,0.8000000000,0.9999999986
197,0.8000000000,0.9999999987
198,0.8000000000,0.9999999989
199,0.8000000000,0.9999999990
200,0.8000000000,0.9999999991
201,0.8000000000,0.9999999992
202,0.8000000000,0.9999999993
203,0.8000000000,0.9999999994
204,0.8000000000,0.9999999995
205,0.8000000000,0.9999999995
206,0.8000000000,0.9999999996
207,0.8000000000,0.9999999996
208,0.8000000000,0.9999999997
209,0.8000000000,0.9999999997
210,0.8000000000,0.9999999997
211,0.8000000000,0.9999999998
212,0.8000000000,0.9999999998
213,0.8000000000,0.9999999998
214,0.8000000000,0.9999999998
215,0.8000000000,0.9999999999
216,0.8000000000,0.9999999999
217,0.8000000000,0.9999999999
218,0.8000000000,0.9999999999
219,0.8000000000,0.9999999999
220,0.8000000000,0.9999999999
221,0.8000000000,0.9999999999
222,0.8000000000,0.9999999999
223,0.8000000000,1.0000000000
224,0.8000000000,1.0000000000
225,0.8000000000,1.0000000000
226,0.8000000000,1.0000000000
227,0.8000000000,1.0000000000
228,0.8000000000,1.0000000000
229,0.8000000000,1.0000000000
230,0.8000000000,1.0000000000
231,0.8000000000,1.0000000000
232,0.8000000000,1.0000000000
233,0.8000000000,1.0000000000
234,0.8000000000,1.0000000000
235,0.8000000000,1.0000000000
236,0.8000000000,1.0000000000
237,0.8000000000,1.0000000000
238,0.8000000000,1.0000000000
239,0.8000000000,1.0000000000
240,0.8000000000,1.0000000000
241,0.8000000000,1.0000000000
242,0.8000000000,1.0000000000
243,0.8000000000,1.0000000000
244,0.8000000000,1.0000000000
245,0.8000000000,1.0000000000
246,0.8000000000,1.0000000000
247,0.8000000000,1.0000000000
248,0.8000000000,1.0000000000
249,0.8000000000,1.0000000000
250,0.8000000000,1.0000000000
251,0.8000000000,1.0000000000
252,0.8000000000,1.0000000000
253,0.8000000000,1.0000000000
254,0.8000000000,1.0000000000
255,0.8000000000,1.0000000000
256,0.8000000000,1.0000000000
257,0.8000000000,1.0000000000
258,0.8000000000,1.0000000000
259,0.8000000000,1.0000000000
260,0.8000000000,1.0000000000
261,0.8000000000,1.0000000000
262,0.8000000000,1.0000000000
263,0.8000000000,1.0000000000
264,0.8000000000,1.0000000000
265,0.8000000000,1.0000000000
266,0.8000000000,1.0000000000
267,0.8000000000,1.0000000000
268,0.8000000000,1.0000000000
269,0.8000000000,1.0000000000
270,0.8000000000,1.0000000000
271,0.8000000000,1.0000000000
272,0.8000000000,1.0000000000
273,0.8000000000,1.0000000000
274,0.8000000000,1.0000000000
275,0.8000000000,1.0000000000
276,0.8000000000,1.0000000000
277,0.8000000000,1.0000000000
278,0.8000000000,1.0000000000
279,0.8000000000,1.0000000000
280,0.8000000000,1.0000000000
281,0.8000000000,1.0000000000
282,0.8000000000,1.0000000000
283,0.8000000000,1.0000000000
284,0.8000000000,1.0000000000
285,0.8000000000,1.0000000000
286,0.8000000000,1.0000000000
287,0.8000000000,1.0000000000
288,0.8000000000,1.0000000000
289,0.8000000000,1.0000000000
290,0.8000000000,1.0000000000
291,0.8000000000,1.0000000000
292,0.8000000000,1.0000000000
293,0.8000000000,1.0000000000
294,0.8000000000,1.0000000000
295,0.8000000000,1.0000000000
296,0.8000000000,1.0000000000
297,0.8000000000,1.0000000000
298,0.8000000000,1.0000000000
299,0.8000000000,1.0000000000
300,0.8000000000,1.0000000000
301,0.8000000000,1.0000000000
302,0.8000000000,1.0000000000
303,0.8000000000,1.0000000000
304,0.8000000000,1.0000000000
305,0.8000000000,1.0000000000
306,0.8000000000,1.0000000000
307,0.8000000000,1.0000000000
308,0.8000000000,1.0000000000
309,0.8000000000,1.0000000000
310,0.8000000000,1.0000000000
311,0.8000000000,1.0000000000
312,0.8000000000,1.0000000000
313,0.8000000000,1.0000000000
314,0.8000000000,1.0000000000
315,0.8000000000,1.0000000000
316,0.8000000000,1.0000000000
317,0.8000000000,1.0000000000
318,0.8000000000,1.0000000000
319,0.8000000000,1.0000000000
320,0.8000000000,1.0000000000
321,0.8000000000,1.0000000000
322,0.8000000000,1.0000000000
323,0.8000000000,1.0000000000
324,0.8000000000,1.0000000000
325,0.8000000000,1.0000000000
326,0.8000000000,1.0000000000
327,0.8000000000,1.0000000000
328,0.8000000000,1.0000000000
329,0.8000000000,1.0000000000
330,0.8000000000,1.0000000000
331,0.8000000000,1.0000000000
332,0.8000000000,1.0000000000
333,0.8000000000,1.0000000000
334,0.8000000000,1.0000000000
335,0.8000000000,1.0000000000
336,0.8000000000,1.0000000000
337,0.8000000000,1.0000000000
338,0.8000000000,1.0000000000
339,0.8000000000,1.0000000000
340,0.8000000000,1.0000000000
341,0.8000000000,1.0000000000
342,0.8000000000,1.0000000000
343,0.8000000000,1.0000000000
344,0.8000000000,1.0000000000
345,0.8000000000,1.0000000000
346,0.8000000000,1.0000000000
347,0.8000000000,1.0000000000
348,0.8000000000,1.0000000000
349,0.8000000000,1.0000000000
350,0.8000000000,1.0000000000
351,0.8000000000,1.0000000000
352,0.8000000000,1.0000000000
353,0.8000000000,1.0000000000
354,0.8000000000,1.0000000000
355,0.8000000000,1.0000000000
356,0.8000000000,1.0000000000
357,0.8000000000,1.0000000000
358,0.8000000000,1.0000000000
359,0.8000000000,1.0000000000
360,0.8000000000,1.0000000000
361,0.8000000000,1.0000000000
362,0.8000000000,1.0000000000
363,0.8000000000,1.0000000000
364,0.8000000000,1.0000000000
365,0.8000000000,1.0000000000
366,0.8000000000,1.0000000000
367,0.8000000000,1.0000000000
368,0.8000000000,1.0000000000
369,0.8000000000,1.0000000000
370,0.8000000000,1.0000000000
371,0.8000000000,1.0000000000
372,0.8000000000,1.0000000000
373,0.8000000000,1.0000000000
374,0.8000000000,1.0000000000
375,0.8000000000,1.0000000000
376,0.8000000000,1.0000000000
377,0.8000000000,1.0000000000
378,0.8000000000,1.0000000000
379,0.8000000000,1.0000000000
380,0.8000000000,1.0000000000
381,0.8000000000,1.0000000000
382,0.8000000000,1.0000000000
383,0.8000000000,1.0000000000
384,0.8000000000,1.0000000000
385,0.8000000000,1.0000000000
386,0.8000000000,1.0000000000
387,0.8000000000,1.0000000000
388,0.8000000000,1.0000000000
389,0.8000000000,1.0000000000
390,0.8000000000,1.0000000000
391,0.8000000000,1.0000000000
392,0.8000000000,1.0000000000
393,0.8000000000,1.0000000000
394,0.8000000000,1.0000000000
395,0.8000000000,1.0000000000
396,0.8000000000,1.0000000000
397,0.8000000000,1.0000000000
398,0.8000000000,1.0000000000
399,0.8000000000,1.0000000000
400,0.8000000000,1.0000000000